{
  "dataset": "math",
  "n": 79,
  "rerun_count": 21,
  "reused_count": 58,
  "rollback_suppressed_count": 8,
  "full_scrd_correct": 47,
  "full_scrd_acc": 0.5949367088607594,
  "wo_rollback_correct": 45,
  "wo_rollback_acc": 0.569620253164557,
  "delta_wo_minus_full_pp": -2.5316455696202445,
  "both_correct": 42,
  "both_wrong": 29,
  "full_wins": 5,
  "ablation_wins": 3,
  "net_full_minus_ablation": 2,
  "answer_changed_count": 15,
  "answer_changed_pct": 0.189873417721519,
  "avg_full_scrd_tokens": 10053.60759493671,
  "avg_wo_rollback_tokens": 8388.974683544304,
  "avg_token_delta_wo_minus_full": -1664.6329113924057,
  "rollback_subset_n": 21,
  "rollback_subset_full_acc": 0.38095238095238093,
  "rollback_subset_wo_rollback_acc": 0.2857142857142857,
  "rollback_subset_avg_full_tokens": 16890.14285714286,
  "rollback_subset_avg_wo_tokens": 10627.952380952382
}