dataset,MV@Round1,MV@Round3,MV@Round5,SCRD Last-Round MV,Single Agent R1-A
addsub,1036.095,4170.25,7300.015,,345.36499999999984
asdiv,1010.43,4056.465,7103.56,,336.8100000000002
gsm8k,1139.06,4550.5,7955.445,,379.68666666666655
math,1136.935,4486.385,7829.445,,378.9783333333334
multiarith,1047.525,4192.575,7340.885,,349.17499999999984
singleeq,1016.855,4067.135,7119.345,,338.9516666666666
svamp,1053.18,4206.7,7359.04,,351.06000000000006
