dataset,MV@Round1,MV@Round3,MV@Round5,SCRD Last-Round MV,Single Agent R1-A
addsub,98.0,95.5,96.0,98.0,97.0
asdiv,89.0,86.0,85.0,87.0,88.0
gsm8k,48.0,29.5,31.0,56.99999999999999,46.5
math,39.5,34.0,34.0,55.55555555555556,39.5
multiarith,75.0,62.0,57.99999999999999,89.0,73.5
singleeq,96.0,93.5,91.0,96.5,96.0
svamp,81.5,74.0,75.5,87.5,80.5
