method,n,correct,accuracy,avg_total_tokens,avg_prompt_tokens,avg_completion_tokens
MV@Round1,1400,1054,0.7528571428571429,1062.8685714285714,938.9764285714285,123.89214285714286
MV@Round3,1400,949,0.6778571428571428,4247.144285714286,3791.172857142857,455.9714285714286
MV@Round5,1400,941,0.6721428571428572,7429.676428571429,6643.837142857143,785.8392857142857
SCRD Last-Round MV,1398,1140,0.8154506437768241,,,
Single Agent R1-A,1400,1042,0.7442857142857143,354.2895238095238,312.9921428571429,41.297380952380955
