{
  "dataset": "math",
  "n": 198,
  "full_scrd_correct": 110,
  "full_scrd_acc": 0.5555555555555556,
  "wo_evaluator_action_mapper_correct": 96,
  "wo_evaluator_action_mapper_acc": 0.48484848484848486,
  "delta_ablation_minus_full_pp": -7.070707070707072,
  "both_correct": 76,
  "both_wrong": 68,
  "full_wins": 34,
  "ablation_wins": 20,
  "net_full_minus_ablation": 14,
  "avg_full_scrd_tokens": 11469.20707070707,
  "avg_ablation_tokens": 17768.449494949495,
  "avg_token_delta_ablation_minus_full": 6299.242424242424,
  "avg_full_actual_rounds": 3.1262626262626263,
  "avg_ablation_rounds": 5.0
}