component,mean_tokens,sum_tokens
agent_total_tokens,2859.3467336683416,569010
recorder_total_tokens,1919.1507537688442,381911
evaluator_total_tokens,639.4020100502513,127241
repair_brief_total_tokens,95.25125628140704,18955
repair_evaluator_total_tokens,99.32663316582915,19766
repair_agent_total_tokens,291.3819095477387,57985
