outcome_vs_round3_vote,n,mean_scrd_tokens,mean_round3_vote_tokens,mean_actual_rounds
baseline_unavailable,167,4739.353293413174,4685.592814371257,2.07185628742515
both_correct,20,11135.2,8640.4,3.95
both_wrong,11,13135.363636363636,11651.727272727272,3.8181818181818183
degraded,1,16203.0,12066.0,5.0
