outcome_vs_round1_vote,n,mean_scrd_tokens,mean_actual_rounds
both_correct,112,5237.616071428572,2.294642857142857
both_wrong,67,5783.776119402985,2.2686567164179103
degraded,16,9415.625,3.0
improved,4,12523.0,3.75
