{
  "n_samples": 199,
  "round3_vote_available_n": 32,
  "single_agent_accuracy": 0.6432160804020101,
  "round1_majority_accuracy": 0.6432160804020101,
  "round3_majority_accuracy": 0.65625,
  "scrd_accuracy": 0.5829145728643216,
  "mean_single_agent_tokens": 256.41206030150755,
  "mean_round1_majority_tokens": 770.9447236180905,
  "mean_round3_majority_tokens": 9782.59375,
  "mean_scrd_tokens": 5903.859296482412
}