stop_reason,n,scrd_accuracy,round1_vote_accuracy,round3_vote_accuracy,mean_scrd_tokens,median_scrd_tokens,mean_actual_rounds,mean_effective_rounds,mean_round3_vote_tokens
early_stop,174,0.632183908045977,0.6494252873563219,0.7894736842105263,5010.327586206897,4244.0,2.1839080459770117,2.1839080459770117,4798.706896551724
rollback,25,0.24,0.6,0.46153846153846156,12122.84,11169.0,3.68,2.68,10422.48
