{
  "dataset": "math",
  "n": 195,
  "full_scrd_correct": 110,
  "full_scrd_acc": 0.5641025641025641,
  "wo_history_filtering_correct": 97,
  "wo_history_filtering_acc": 0.49743589743589745,
  "delta_ablation_minus_full_pp": -6.666666666666665,
  "both_correct": 80,
  "both_wrong": 68,
  "full_wins": 30,
  "ablation_wins": 17,
  "net_full_minus_ablation": 13,
  "avg_full_scrd_tokens": 11385.45641025641,
  "avg_ablation_tokens": 13717.83076923077,
  "avg_token_delta_ablation_minus_full": 2332.374358974359,
  "avg_full_actual_rounds": 3.1076923076923078,
  "avg_ablation_rounds": 3.2666666666666666,
  "ablation_rollback_count": 84,
  "ablation_rollback_pct": 0.4307692307692308,
  "ablation_early_stop_count": 111,
  "ablation_early_stop_pct": 0.5692307692307692
}