{
  "dataset": "math",
  "n": 79,
  "full_scrd_correct": 50,
  "full_scrd_acc": 0.6329113924050633,
  "wo_history_filtering_correct": 38,
  "wo_history_filtering_acc": 0.4810126582278481,
  "delta_ablation_minus_full_pp": -15.189873417721522,
  "both_correct": 33,
  "both_wrong": 24,
  "full_wins": 17,
  "ablation_wins": 5,
  "net_full_minus_ablation": 12,
  "avg_full_scrd_tokens": 10128.025316455696,
  "avg_ablation_tokens": 13309.87341772152,
  "avg_token_delta_ablation_minus_full": 3181.848101265823,
  "avg_full_actual_rounds": 2.8860759493670884,
  "avg_ablation_rounds": 3.1392405063291138,
  "ablation_rollback_count": 31,
  "ablation_rollback_pct": 0.3924050632911392,
  "ablation_early_stop_count": 48,
  "ablation_early_stop_pct": 0.6075949367088608
}