change_vs_majority,n,mean_scrd_tokens,mean_actual_rounds
both_correct,23,11989.695652173914,3.391304347826087
both_wrong,44,10944.363636363636,3.5
degraded_from_majority,7,16132.0,4.571428571428571
improved_over_majority,22,14705.272727272728,4.363636363636363
