{
  "n_samples": 96,
  "single_agent_accuracy": 0.3125,
  "majority_vote_accuracy": 0.3125,
  "scrd_accuracy": 0.46875,
  "single_agent_total_tokens_mean": 267.9166666666667,
  "majority_vote_total_tokens_mean": 804.5833333333334,
  "scrd_total_tokens_mean": 12434.947916666666,
  "scrd_prompt_tokens_mean": 10741.927083333334,
  "scrd_completion_tokens_mean": 1693.0208333333333,
  "effective_rounds_used_mean": 3.6875,
  "actual_rounds_executed_mean": 3.75,
  "scrd_accuracy_per_1k_tokens": 0.03769617718878664,
  "majority_accuracy_per_1k_tokens": 0.38839979285344384,
  "single_accuracy_per_1k_tokens": 1.166407465007776
}