dataset,n,decision_head_correct,decision_head_acc,last_round_majority_correct,last_round_majority_acc,delta_last_round_mv_minus_decision_head_pp,both_correct,both_wrong,decision_head_wins,last_round_mv_wins,net_last_round_mv_minus_decision_head,answer_changed_count,answer_changed_pct,missing_trace_count
addsub,80,80,1.0,80,1.0,0.0,80,0,0,0,0,0,0.0,0
asdiv,80,74,0.925,74,0.925,0.0,74,6,0,0,0,3,0.0375,0
gsm8k,80,48,0.6,58,0.725,12.5,47,21,1,11,10,17,0.2125,0
math,80,47,0.5875,51,0.6375,4.999999999999993,45,27,2,6,4,19,0.2375,0
multiarith,80,77,0.9625,75,0.9375,-2.500000000000002,75,3,2,0,-2,4,0.05,0
singleeq,80,77,0.9625,78,0.975,1.2499999999999956,76,1,1,2,1,3,0.0375,0
svamp,80,66,0.825,69,0.8625,3.750000000000009,65,10,1,4,3,9,0.1125,0
OVERALL,560,469,0.8375,485,0.8660714285714286,2.857142857142858,462,68,7,23,16,55,0.09821428571428571,
