outcome_vs_round3_vote,n,mean_scrd_tokens,mean_round3_vote_tokens,mean_actual_rounds
baseline_unavailable,128,5654.3984375,5539.15625,2.15625
both_correct,47,11741.510638297872,9948.63829787234,3.765957446808511
both_wrong,22,14150.0,11573.227272727272,4.2272727272727275
improved,2,16852.0,8876.5,5.0
degraded,1,19048.0,13932.0,5.0
