change_vs_majority,n,mean_scrd_tokens,mean_actual_rounds
both_correct,110,6989.490909090909,2.5545454545454547
both_wrong,56,8853.017857142857,2.9285714285714284
degraded_from_majority,4,14597.25,4.0
improved_over_majority,30,10555.466666666667,3.3333333333333335
