stop_reason,n,scrd_accuracy,mean_scrd_tokens,median_scrd_tokens,mean_effective_rounds,mean_actual_rounds
early_stop,55,0.4727272727272727,7804.563636363637,4675.0,2.8181818181818183,2.8181818181818183
max_round,36,0.4444444444444444,17810.722222222223,17419.5,5.0,5.0
rollback,5,0.6,24663.6,17614.0,3.8,5.0
