change_vs_majority,n,mean_scrd_tokens,mean_actual_rounds
both_correct,120,7573.433333333333,2.6083333333333334
both_wrong,96,12082.71875,3.6875
degraded_from_majority,15,16871.0,4.666666666666667
improved_over_majority,60,13903.416666666666,4.066666666666666
