component,mean_tokens,sum_tokens
agent_total_tokens,5880.903780068728,1711343
recorder_total_tokens,3385.824742268041,985275
evaluator_total_tokens,1407.0584192439862,409454
repair_brief_total_tokens,68.05841924398625,19805
repair_evaluator_total_tokens,34.15807560137457,9940
repair_agent_total_tokens,129.87972508591065,37795
