{
  "n_samples": 291,
  "single_agent_accuracy": 0.44329896907216493,
  "majority_vote_accuracy": 0.4639175257731959,
  "scrd_accuracy": 0.6185567010309279,
  "single_agent_total_tokens_mean": 299.64261168384877,
  "majority_vote_total_tokens_mean": 904.4398625429553,
  "scrd_total_tokens_mean": 10845.439862542955,
  "scrd_prompt_tokens_mean": 9394.13058419244,
  "scrd_completion_tokens_mean": 1451.3092783505156,
  "effective_rounds_used_mean": 3.3127147766323026,
  "actual_rounds_executed_mean": 3.3711340206185567,
  "scrd_accuracy_per_1k_tokens": 0.057033804886719774,
  "majority_accuracy_per_1k_tokens": 0.5129335238153135,
  "single_accuracy_per_1k_tokens": 1.4794256617276023
}