stop_reason,n,scrd_accuracy,mean_scrd_tokens,median_scrd_tokens,mean_effective_rounds,mean_actual_rounds
early_stop,198,0.702020202020202,7257.888888888889,4827.5,2.6262626262626263,2.6262626262626263
max_round,79,0.43037974683544306,18194.493670886077,18118.0,5.0,5.0
rollback,6,0.6666666666666666,23049.333333333332,16296.0,3.6666666666666665,4.833333333333333
rollback_triggered,8,0.375,17912.5,18614.5,3.375,4.625
