dataset,n,W_to_C,C_to_W,C_to_C,W_to_W,W_to_C_rate,C_to_W_rate,net_correction,net_correction_rate
addsub,200,1,0,195,4,0.5,0.0,1,0.5
asdiv,200,4,1,170,25,2.0,0.5,3,1.5
gsm8k,200,35,12,79,74,17.5,6.0,23,11.5
math,198,40,11,70,77,20.2020202020202,5.555555555555555,29,14.646464646464647
multiarith,200,22,8,156,14,11.0,4.0,14,7.0
singleeq,200,8,5,185,2,4.0,2.5,3,1.5
svamp,200,17,6,158,19,8.5,3.0,11,5.5
overall,1398,127,43,1013,215,9.084406294706724,3.0758226037195993,84,6.008583690987124
