method,n,correct,accuracy_percent,avg_total_tokens
Single,1400,1042,74.42857142857143,354.2895238095238
MV@R1,1400,1054,75.28571428571429,1062.8685714285714
MV@R3,1400,949,67.78571428571429,4247.144285714286
MV@R5,1400,941,67.21428571428571,7429.676428571429
SCRD,1398,1140,81.54506437768241,9388.971387696709
